lowContrast,highContrast
0.536222,0.7219
0.51626,0.480716
0.502816,0.365682
0.520896,0.32489
0.504199,0.447388
0.505851,0.410444
0.518666,0.441588
0.524414,0.687743
0.508217,0.424722
0.511366,0.545353
0.498056,0.326262
0.519937,0.732319
0.498062,0.309385
0.469006,0.389998
0.504586,0.467356
0.528299,0.259867
0.549111,0.493114
0.534166,0.598473
0.546602,0.598226
